{"loss": [1.402968168258667, 0.45644524693489075, 0.27326545119285583, 0.1937912106513977, 0.14342975616455078, 0.11047693341970444, 0.0924147218465805, 0.07235216349363327, 0.0636020302772522, 0.05763278529047966], "accuracy": [0.5896720886230469, 0.8542855381965637, 0.9109751582145691, 0.9369372129440308, 0.9526140093803406, 0.9629418849945068, 0.9696422219276428, 0.9760153889656067, 0.9792872667312622, 0.9808805584907532], "val_loss": [0.637619137763977, 0.3074238896369934, 0.2109069675207138, 0.1957349330186844, 0.20329417288303375, 0.15700143575668335, 0.18890967965126038, 0.12194088101387024, 0.10330396890640259, 0.39003440737724304], "val_accuracy": [0.802583634853363, 0.9005235433578491, 0.9315388202667236, 0.9369451403617859, 0.9339858889579773, 0.9524242877960205, 0.9448554515838623, 0.9630662202835083, 0.969155490398407, 0.9068973660469055]}